,Unnamed: 0,Date,City,Home Team,Home Goals,Visitor Team,Visitor Goals,Attendance,Stadium,Percentage Filled,Unix,Stadium ID,date2
0,1694,3/3/18,Toronto,Toronto FC,0.0,Columbus Crew SC,2.0,"26,633",BMO Field,89%,1520035200.0,5.0,2018-03-03
1,1695,3/3/18,Houston,Houston Dynamo,4.0,Atlanta United,0.0,"20,377",BBVA Stadium,92%,1520035200.0,3.0,2018-03-03
2,1696,3/3/18,Philadelphia,Philadelphia Union,2.0,New England Revolution,0.0,"16,452",Subaru Park,89%,1520035200.0,23.0,2018-03-03
3,1697,3/3/18,Orlando,Orlando City SC,1.0,"Washington, D.C.",1.0,"25,527",Exploria Stadium,100%,1520035200.0,11.0,2018-03-03
4,1698,3/3/18,Dallas,FC Dallas,1.0,Real Salt Lake,1.0,"16,116",Toyota Stadium,79%,1520035200.0,24.0,2018-03-03
5,1699,3/3/18,San Jose,San Jose Earthquakes,3.0,Minnesota United,2.0,"18,000",Earthquakes Stadium,100%,1520035200.0,10.0,2018-03-03
6,1700,3/4/18,Seattle,Seattle Sounders FC,0.0,Los Angles,1.0,"40,070",CenturyLink Field,102%,1520121600.0,6.0,2018-03-04
7,1701,3/4/18,Vancouver,Vancuver Whitecaps,2.0,Montreal Impact,1.0,"27,837",BC Place,126%,1520121600.0,4.0,2018-03-04
8,1702,3/4/18,Kansas City,Sporting Kansas City,0.0,NYC,2.0,"20,831",Children's Mercy Park,113%,1520121600.0,7.0,2018-03-04
9,1703,3/4/18,Los Angeles,LA Galaxy,2.0,Portland Timbers,1.0,"25,462",Dignity Health Sports Park,94%,1520121600.0,9.0,2018-03-04
10,1704,3/10/18,Columbus,Columbus Crew SC,3.0,Montreal Impact,2.0,"11,098",Mapfre Stadium,56%,1520640000.0,14.0,2018-03-10
11,1705,3/10/18,New England,New England Revolution,2.0,Colorado Rapids,1.0,"13,305",Gillette Stadium,67%,1520640000.0,12.0,2018-03-10
12,1706,3/10/18,Salt Lake,Real Salt Lake,1.0,Los Angles,5.0,"20,706",Rio Tinto Stadium,102%,1520640000.0,20.0,2018-03-10
13,1707,3/10/18,Chicago,Chicago Fire,3.0,Sporting Kansas City,4.0,"14,021",Toyota Stadium,70%,1520640000.0,24.0,2018-03-10
14,1708,3/10/18,Houston,Houston Dynamo,1.0,Vancuver Whitecaps,2.0,"16,082",BBVA Stadium,73%,1520640000.0,3.0,2018-03-10
15,1709,3/10/18,New Jersey,New York Red Bull,4.0,Portland Timbers,0.0,"18,374",Red Bull Arena,73%,1520640000.0,19.0,2018-03-10
16,1710,3/10/18,Orlando,Orlando City SC,1.0,Minnesota United,2.0,"24,038",Exploria Stadium,94%,1520640000.0,11.0,2018-03-10
17,1711,3/11/18,Atlanta,Atlanta United,3.0,"Washington, D.C.",1.0,"72,035",Bobby Dodd Stadium,131%,1520726400.0,27.0,2018-03-11
18,1712,3/11/18,NYC,NYC,2.0,LA Galaxy,1.0,"26,221",Yankee Stadium,86%,1520726400.0,25.0,2018-03-11
19,1713,3/17/18,"Washington, D.C.","Washington, D.C.",2.0,Houston Dynamo,2.0,"5,128",RFK Stadium,26%,1521244800.0,42.0,2018-03-17
20,1714,3/17/18,Minnesota,Minnesota United,2.0,Chicago Fire,1.0,"23,138",TCF Bank Stadium,106%,1521244800.0,48.0,2018-03-17
21,1715,3/17/18,Philadelphia,Philadelphia Union,0.0,Columbus Crew SC,0.0,"15,323",Subaru Park,83%,1521244800.0,23.0,2018-03-17
22,1716,3/17/18,Montreal,Montreal Impact,1.0,Toronto FC,0.0,"26,005",Saputo Stadium,125%,1521244800.0,21.0,2018-03-17
23,1717,3/17/18,NYC,NYC,2.0,Orlando City SC,0.0,"18,584",Yankee Stadium,61%,1521244800.0,25.0,2018-03-17
24,1718,3/17/18,Atlanta,Atlanta United,4.0,Vancuver Whitecaps,1.0,"45,003",Bobby Dodd Stadium,82%,1521244800.0,27.0,2018-03-17
25,1719,3/17/18,Kansas City,Sporting Kansas City,3.0,San Jose Earthquakes,2.0,"18,868",Children's Mercy Park,102%,1521244800.0,7.0,2018-03-17
26,1720,3/17/18,Salt Lake,Real Salt Lake,1.0,New York Red Bull,0.0,"16,334",Rio Tinto Stadium,81%,1521244800.0,20.0,2018-03-17
27,1721,3/18/18,Dallas,FC Dallas,3.0,Seattle Sounders FC,0.0,"13,310",Toyota Stadium,65%,1521331200.0,24.0,2018-03-18
28,1722,3/24/18,New England,New England Revolution,2.0,NYC,2.0,"12,376",Gillette Stadium,62%,1521849600.0,12.0,2018-03-24
29,1723,3/24/18,Dallas,FC Dallas,1.0,Portland Timbers,1.0,"13,851",Toyota Stadium,68%,1521849600.0,24.0,2018-03-24
30,1724,3/24/18,Columbus,Columbus Crew SC,3.0,"Washington, D.C.",1.0,"8,443",Mapfre Stadium,42%,1521849600.0,14.0,2018-03-24
31,1725,3/24/18,New Jersey,New York Red Bull,3.0,Minnesota United,0.0,"14,768",Red Bull Arena,59%,1521849600.0,19.0,2018-03-24
32,1726,3/24/18,Colorado,Colorado Rapids,2.0,Sporting Kansas City,2.0,"17,424",Dick's Sporting Goods Park,96%,1521849600.0,8.0,2018-03-24
33,1727,3/24/18,Vancouver,Vancuver Whitecaps,0.0,LA Galaxy,0.0,"22,120",BC Place,100%,1521849600.0,4.0,2018-03-24
34,1728,3/30/18,Toronto,Toronto FC,3.0,Real Salt Lake,1.0,"28,006",BMO Field,93%,1522368000.0,5.0,2018-03-30
35,1729,3/31/18,Orlando,Orlando City SC,4.0,New York Red Bull,3.0,"23,257",Exploria Stadium,91%,1522454400.0,11.0,2018-03-31
36,1730,3/31/18,Los Angeles,LA Galaxy,4.0,Los Angles,3.0,"27,068",Dignity Health Sports Park,100%,1522454400.0,9.0,2018-03-31
37,1731,3/31/18,Columbus,Columbus Crew SC,1.0,Vancuver Whitecaps,2.0,"8,992",Mapfre Stadium,45%,1522454400.0,14.0,2018-03-31
38,1732,3/31/18,Chicago,Chicago Fire,2.0,Portland Timbers,2.0,"13,678",Toyota Stadium,68%,1522454400.0,24.0,2018-03-31
39,1733,3/31/18,San Jose,San Jose Earthquakes,1.0,NYC,2.0,"18,000",Earthquakes Stadium,100%,1522454400.0,10.0,2018-03-31
40,1734,3/31/18,Minnesota,Minnesota United,0.0,Atlanta United,1.0,"18,057",TCF Bank Stadium,82%,1522454400.0,48.0,2018-03-31
41,1735,3/31/18,Houston,Houston Dynamo,0.0,New England Revolution,2.0,"17,156",BBVA Stadium,78%,1522454400.0,3.0,2018-03-31
42,1736,3/31/18,Kansas City,Sporting Kansas City,1.0,"Washington, D.C.",0.0,"18,624",Children's Mercy Park,101%,1522454400.0,7.0,2018-03-31
43,1737,3/31/18,Colorado,Colorado Rapids,3.0,Philadelphia Union,0.0,"10,790",Dick's Sporting Goods Park,60%,1522454400.0,8.0,2018-03-31
44,1738,3/31/18,Seattle,Seattle Sounders FC,0.0,Montreal Impact,1.0,"39,469",CenturyLink Field,100%,1522454400.0,6.0,2018-03-31
45,1739,4/6/18,New England,New England Revolution,4.0,Montreal Impact,0.0,"10,908",Gillette Stadium,55%,1522972800.0,12.0,2018-04-06
46,1740,4/7/18,Atlanta,Atlanta United,5.0,Los Angles,0.0,"45,207",Bobby Dodd Stadium,82%,1523059200.0,27.0,2018-04-07
47,1741,4/7/18,Philadelphia,Philadelphia Union,1.0,San Jose Earthquakes,1.0,"14,795",Subaru Park,80%,1523059200.0,23.0,2018-04-07
48,1742,4/7/18,Dallas,FC Dallas,1.0,Colorado Rapids,1.0,"13,147",Toyota Stadium,64%,1523059200.0,24.0,2018-04-07
49,1743,4/7/18,Chicago,Chicago Fire,1.0,Columbus Crew SC,0.0,"11,023",Toyota Stadium,55%,1523059200.0,24.0,2018-04-07
50,1744,4/7/18,Salt Lake,Real Salt Lake,2.0,Vancuver Whitecaps,1.0,"16,015",Rio Tinto Stadium,79%,1523059200.0,20.0,2018-04-07
51,1745,4/8/18,Orlando,Orlando City SC,3.0,Portland Timbers,2.0,"22,337",Exploria Stadium,88%,1523145600.0,11.0,2018-04-08
52,1746,4/8/18,Los Angeles,LA Galaxy,0.0,Sporting Kansas City,2.0,"25,846",Dignity Health Sports Park,96%,1523145600.0,9.0,2018-04-08
53,1747,4/11/18,NYC,NYC,4.0,Real Salt Lake,0.0,"18,603",Yankee Stadium,61%,1523404800.0,25.0,2018-04-11
54,1748,4/13/18,Philadelphia,Philadelphia Union,0.0,Orlando City SC,2.0,"16,032",Subaru Park,87%,1523577600.0,23.0,2018-04-13
55,1749,4/13/18,Vancouver,Vancuver Whitecaps,0.0,Los Angles,2.0,"22,120",BC Place,100%,1523577600.0,4.0,2018-04-13
56,1750,4/14/18,New Jersey,New York Red Bull,3.0,Montreal Impact,1.0,"15,017",Red Bull Arena,60%,1523664000.0,19.0,2018-04-14
57,1751,4/14/18,Colorado,Colorado Rapids,2.0,Toronto FC,0.0,"11,232",Dick's Sporting Goods Park,62%,1523664000.0,8.0,2018-04-14
58,1752,4/14/18,Chicago,Chicago Fire,0.0,LA Galaxy,1.0,"21,915",Toyota Stadium,110%,1523664000.0,24.0,2018-04-14
59,1753,4/14/18,"Washington, D.C.","Washington, D.C.",1.0,Columbus Crew SC,0.0,"12,396",RFK Stadium,62%,1523664000.0,42.0,2018-04-14
60,1754,4/14/18,New England,New England Revolution,0.0,FC Dallas,1.0,"11,508",Gillette Stadium,58%,1523664000.0,12.0,2018-04-14
61,1755,4/14/18,Portland,Portland Timbers,3.0,Minnesota United,2.0,"21,144",Providence Park,100%,1523664000.0,18.0,2018-04-14
62,1756,4/14/18,San Jose,San Jose Earthquakes,2.0,Houston Dynamo,2.0,"17,822",Earthquakes Stadium,99%,1523664000.0,10.0,2018-04-14
63,1757,4/15/18,Kansas City,Sporting Kansas City,2.0,Seattle Sounders FC,2.0,"18,508",Children's Mercy Park,100%,1523750400.0,7.0,2018-04-15
64,1758,4/15/18,Atlanta,Atlanta United,2.0,NYC,2.0,"45,001",Bobby Dodd Stadium,82%,1523750400.0,27.0,2018-04-15
65,1759,4/20/18,Kansas City,Sporting Kansas City,6.0,Vancuver Whitecaps,0.0,"19,690",Children's Mercy Park,107%,1524182400.0,7.0,2018-04-20
66,1760,4/21/18,Montreal,Montreal Impact,3.0,Los Angles,5.0,"20,302",Saputo Stadium,98%,1524268800.0,21.0,2018-04-21
67,1761,4/21/18,Houston,Houston Dynamo,5.0,Toronto FC,1.0,"17,109",BBVA Stadium,78%,1524268800.0,3.0,2018-04-21
68,1762,4/21/18,New Jersey,New York Red Bull,1.0,Chicago Fire,2.0,"18,784",Red Bull Arena,75%,1524268800.0,19.0,2018-04-21
69,1763,4/21/18,Columbus,Columbus Crew SC,2.0,New England Revolution,2.0,"11,264",Mapfre Stadium,56%,1524268800.0,14.0,2018-04-21
70,1764,4/21/18,Orlando,Orlando City SC,3.0,San Jose Earthquakes,2.0,"25,527",Exploria Stadium,100%,1524268800.0,11.0,2018-04-21
71,1765,4/21/18,Dallas,FC Dallas,2.0,Philadelphia Union,0.0,"13,326",Toyota Stadium,65%,1524268800.0,24.0,2018-04-21
72,1766,4/21/18,Salt Lake,Real Salt Lake,3.0,Colorado Rapids,0.0,"17,461",Rio Tinto Stadium,86%,1524268800.0,20.0,2018-04-21
73,1767,4/21/18,Los Angeles,LA Galaxy,0.0,Atlanta United,2.0,"25,846",Dignity Health Sports Park,96%,1524268800.0,9.0,2018-04-21
74,1768,4/22/18,Seattle,Seattle Sounders FC,3.0,Minnesota United,1.0,"39,477",CenturyLink Field,100%,1524355200.0,6.0,2018-04-22
75,1769,4/22/18,Portland,Portland Timbers,3.0,NYC,0.0,"21,144",Providence Park,100%,1524355200.0,18.0,2018-04-22
76,1770,4/27/18,Vancouver,Vancuver Whitecaps,2.0,Real Salt Lake,0.0,"19,283",BC Place,87%,1524787200.0,4.0,2018-04-27
77,1771,4/28/18,Atlanta,Atlanta United,4.0,Montreal Impact,1.0,"45,039",Bobby Dodd Stadium,82%,1524873600.0,27.0,2018-04-28
78,1772,4/28/18,Toronto,Toronto FC,2.0,Chicago Fire,2.0,"26,331",BMO Field,88%,1524873600.0,5.0,2018-04-28
79,1773,4/28/18,Philadelphia,Philadelphia Union,3.0,"Washington, D.C.",2.0,"16,493",Subaru Park,89%,1524873600.0,23.0,2018-04-28
80,1774,4/28/18,Columbus,Columbus Crew SC,2.0,San Jose Earthquakes,1.0,"11,479",Mapfre Stadium,57%,1524873600.0,14.0,2018-04-28
81,1775,4/28/18,New England,New England Revolution,1.0,Sporting Kansas City,0.0,"17,015",Gillette Stadium,85%,1524873600.0,12.0,2018-04-28
82,1776,4/28/18,Minnesota,Minnesota United,2.0,Houston Dynamo,1.0,"21,574",TCF Bank Stadium,99%,1524873600.0,48.0,2018-04-28
83,1777,4/28/18,Los Angeles,LA Galaxy,2.0,New York Red Bull,3.0,"26,704",Dignity Health Sports Park,99%,1524873600.0,9.0,2018-04-28
84,1778,4/29/18,Colorado,Colorado Rapids,1.0,Orlando City SC,2.0,"15,702",Dick's Sporting Goods Park,87%,1524960000.0,8.0,2018-04-29
85,1779,4/29/18,NYC,NYC,3.0,FC Dallas,1.0,"22,115",Yankee Stadium,73%,1524960000.0,25.0,2018-04-29
86,1780,4/29/18,Los Angles,Los Angles,1.0,Seattle Sounders FC,0.0,"22,000",Banc of California Stadium,100%,1524960000.0,2.0,2018-04-29
87,1781,5/4/18,Toronto,Toronto FC,3.0,Philadelphia Union,0.0,"24,728",BMO Field,82%,1525392000.0,5.0,2018-05-04
88,1782,5/5/18,Montreal,Montreal Impact,4.0,New England Revolution,2.0,"15,622",Saputo Stadium,75%,1525478400.0,21.0,2018-05-05
89,1783,5/5/18,New Jersey,New York Red Bull,4.0,NYC,0.0,"25,219",Red Bull Arena,101%,1525478400.0,19.0,2018-05-05
90,1784,5/5/18,Minnesota,Minnesota United,1.0,Vancuver Whitecaps,0.0,"19,642",TCF Bank Stadium,90%,1525478400.0,48.0,2018-05-05
91,1785,5/5/18,Los Angles,Los Angles,1.0,FC Dallas,1.0,"22,000",Banc of California Stadium,100%,1525478400.0,2.0,2018-05-05
92,1786,5/5/18,Seattle,Seattle Sounders FC,0.0,Columbus Crew SC,0.0,"39,515",CenturyLink Field,100%,1525478400.0,6.0,2018-05-05
93,1787,5/5/18,Chicago,Chicago Fire,1.0,Atlanta United,2.0,"15,024",Toyota Stadium,75%,1525478400.0,24.0,2018-05-05
94,1788,5/5/18,Houston,Houston Dynamo,3.0,LA Galaxy,2.0,"22,320",BBVA Stadium,101%,1525478400.0,3.0,2018-05-05
95,1789,5/5/18,Kansas City,Sporting Kansas City,1.0,Colorado Rapids,0.0,"20,553",Children's Mercy Park,111%,1525478400.0,7.0,2018-05-05
96,1790,5/5/18,San Jose,San Jose Earthquakes,0.0,Portland Timbers,1.0,"17,850",Earthquakes Stadium,99%,1525478400.0,10.0,2018-05-05
97,1791,5/6/18,Orlando,Orlando City SC,3.0,Real Salt Lake,1.0,"23,258",Exploria Stadium,91%,1525564800.0,11.0,2018-05-06
98,1792,5/9/18,Atlanta,Atlanta United,0.0,Sporting Kansas City,2.0,"44,696",Bobby Dodd Stadium,81%,1525824000.0,27.0,2018-05-09
99,1793,5/9/18,Columbus,Columbus Crew SC,1.0,Philadelphia Union,0.0,"7,683",Mapfre Stadium,38%,1525824000.0,14.0,2018-05-09
100,1794,5/9/18,Toronto,Toronto FC,1.0,Seattle Sounders FC,2.0,"26,089",BMO Field,87%,1525824000.0,5.0,2018-05-09
101,1795,5/9/18,Chicago,Chicago Fire,1.0,Montreal Impact,0.0,"10,067",Toyota Stadium,50%,1525824000.0,24.0,2018-05-09
102,1796,5/9/18,Los Angles,Los Angles,2.0,Minnesota United,0.0,"22,000",Banc of California Stadium,100%,1525824000.0,2.0,2018-05-09
103,1797,5/11/18,Vancouver,Vancuver Whitecaps,2.0,Houston Dynamo,2.0,"18,813",BC Place,85%,1525996800.0,4.0,2018-05-11
104,1798,5/12/18,Minnesota,Minnesota United,1.0,San Jose Earthquakes,3.0,"19,721",TCF Bank Stadium,90%,1526083200.0,48.0,2018-05-12
105,1799,5/12/18,Montreal,Montreal Impact,0.0,Philadelphia Union,2.0,"17,140",Saputo Stadium,82%,1526083200.0,21.0,2018-05-12
106,1800,5/12/18,Dallas,FC Dallas,3.0,LA Galaxy,2.0,"18,355",Toyota Stadium,90%,1526083200.0,24.0,2018-05-12
107,1801,5/12/18,Columbus,Columbus Crew SC,3.0,Chicago Fire,0.0,"11,108",Mapfre Stadium,56%,1526083200.0,14.0,2018-05-12
108,1802,5/12/18,New England,New England Revolution,3.0,Toronto FC,2.0,"19,596",Gillette Stadium,98%,1526083200.0,12.0,2018-05-12
109,1803,5/12/18,Colorado,Colorado Rapids,1.0,New York Red Bull,2.0,"15,691",Dick's Sporting Goods Park,87%,1526083200.0,8.0,2018-05-12
110,1804,5/12/18,Salt Lake,Real Salt Lake,3.0,"Washington, D.C.",2.0,"16,961",Rio Tinto Stadium,84%,1526083200.0,20.0,2018-05-12
111,1805,5/13/18,Portland,Portland Timbers,1.0,Seattle Sounders FC,0.0,"21,144",Providence Park,100%,1526169600.0,18.0,2018-05-13
112,1806,5/13/18,Orlando,Orlando City SC,1.0,Atlanta United,2.0,"24,232",Exploria Stadium,95%,1526169600.0,11.0,2018-05-13
113,1807,5/13/18,Los Angles,Los Angles,2.0,NYC,2.0,"22,000",Banc of California Stadium,100%,1526169600.0,2.0,2018-05-13
114,1808,5/16/18,Vancouver,Vancuver Whitecaps,2.0,San Jose Earthquakes,2.0,"17,357",BC Place,78%,1526428800.0,4.0,2018-05-16
115,1809,5/18/18,Toronto,Toronto FC,2.0,Orlando City SC,1.0,"28,009",BMO Field,93%,1526601600.0,5.0,2018-05-18
116,1810,5/19/18,NYC,NYC,4.0,Colorado Rapids,0.0,"21,494",Yankee Stadium,71%,1526688000.0,25.0,2018-05-19
117,1811,5/19/18,Portland,Portland Timbers,2.0,Los Angles,1.0,"21,144",Providence Park,100%,1526688000.0,18.0,2018-05-19
118,1812,5/19/18,Dallas,FC Dallas,2.0,Vancuver Whitecaps,2.0,"13,907",Toyota Stadium,68%,1526688000.0,24.0,2018-05-19
119,1813,5/19/18,New England,New England Revolution,0.0,Columbus Crew SC,1.0,"14,087",Gillette Stadium,70%,1526688000.0,12.0,2018-05-19
120,1814,5/19/18,Philadelphia,Philadelphia Union,4.0,Real Salt Lake,1.0,"16,019",Subaru Park,87%,1526688000.0,23.0,2018-05-19
121,1815,5/19/18,San Jose,San Jose Earthquakes,1.0,"Washington, D.C.",3.0,"17,644",Earthquakes Stadium,98%,1526688000.0,10.0,2018-05-19
122,1816,5/19/18,Minnesota,Minnesota United,1.0,Sporting Kansas City,1.0,"23,117",TCF Bank Stadium,106%,1526688000.0,48.0,2018-05-19
123,1817,5/19/18,Chicago,Chicago Fire,2.0,Houston Dynamo,3.0,"14,206",Toyota Stadium,71%,1526688000.0,24.0,2018-05-19
124,1818,5/20/18,Atlanta,Atlanta United,1.0,New York Red Bull,3.0,"45,089",Bobby Dodd Stadium,82%,1526774400.0,27.0,2018-05-20
125,1819,5/21/18,Montreal,Montreal Impact,0.0,LA Galaxy,1.0,"20,801",Saputo Stadium,100%,1526860800.0,21.0,2018-05-21
126,1820,5/25/18,Toronto,Toronto FC,0.0,FC Dallas,1.0,"27,549",BMO Field,92%,1527206400.0,5.0,2018-05-25
127,1821,5/25/18,Houston,Houston Dynamo,3.0,NYC,1.0,"18,123",BBVA Stadium,82%,1527206400.0,3.0,2018-05-25
128,1822,5/25/18,Los Angeles,LA Galaxy,1.0,San Jose Earthquakes,0.0,"23,118",Dignity Health Sports Park,86%,1527206400.0,9.0,2018-05-25
129,1823,5/26/18,Seattle,Seattle Sounders FC,0.0,Real Salt Lake,1.0,"39,508",CenturyLink Field,100%,1527292800.0,6.0,2018-05-26
130,1824,5/26/18,Vancouver,Vancuver Whitecaps,3.0,New England Revolution,3.0,"22,120",BC Place,100%,1527292800.0,4.0,2018-05-26
131,1825,5/26/18,New Jersey,New York Red Bull,0.0,Philadelphia Union,0.0,"17,814",Red Bull Arena,71%,1527292800.0,19.0,2018-05-26
132,1826,5/26/18,Orlando,Orlando City SC,1.0,Chicago Fire,2.0,"25,288",Exploria Stadium,99%,1527292800.0,11.0,2018-05-26
133,1827,5/26/18,Minnesota,Minnesota United,2.0,Montreal Impact,0.0,"21,331",TCF Bank Stadium,97%,1527292800.0,48.0,2018-05-26
134,1828,5/26/18,Colorado,Colorado Rapids,2.0,Portland Timbers,3.0,"17,424",Dick's Sporting Goods Park,96%,1527292800.0,8.0,2018-05-26
135,1829,5/26/18,Los Angles,Los Angles,1.0,"Washington, D.C.",1.0,"22,000",Banc of California Stadium,100%,1527292800.0,2.0,2018-05-26
136,1830,5/27/18,Kansas City,Sporting Kansas City,0.0,Columbus Crew SC,0.0,"20,697",Children's Mercy Park,112%,1527379200.0,7.0,2018-05-27
137,1831,5/30/18,New England,New England Revolution,1.0,Atlanta United,1.0,"10,547",Gillette Stadium,53%,1527638400.0,12.0,2018-05-30
138,1832,5/30/18,Philadelphia,Philadelphia Union,3.0,Chicago Fire,1.0,"14,805",Subaru Park,80%,1527638400.0,23.0,2018-05-30
139,1833,5/30/18,Salt Lake,Real Salt Lake,2.0,Houston Dynamo,1.0,"16,613",Rio Tinto Stadium,82%,1527638400.0,20.0,2018-05-30
140,1834,5/30/18,Los Angeles,LA Galaxy,2.0,FC Dallas,3.0,"18,003",Dignity Health Sports Park,67%,1527638400.0,9.0,2018-05-30
141,1835,6/1/18,Colorado,Colorado Rapids,1.0,Vancuver Whitecaps,2.0,"16,746",Dick's Sporting Goods Park,93%,1527811200.0,8.0,2018-06-01
142,1836,6/2/18,Portland,Portland Timbers,1.0,LA Galaxy,1.0,"21,144",Providence Park,100%,1527897600.0,18.0,2018-06-02
143,1837,6/2/18,Atlanta,Atlanta United,3.0,Philadelphia Union,1.0,"45,140",Bobby Dodd Stadium,82%,1527897600.0,27.0,2018-06-02
144,1838,6/2/18,Columbus,Columbus Crew SC,3.0,Toronto FC,3.0,"12,305",Mapfre Stadium,62%,1527897600.0,14.0,2018-06-02
145,1839,6/2/18,Montreal,Montreal Impact,1.0,Houston Dynamo,0.0,"17,512",Saputo Stadium,84%,1527897600.0,21.0,2018-06-02
146,1840,6/2/18,New England,New England Revolution,2.0,New York Red Bull,1.0,"21,576",Gillette Stadium,108%,1527897600.0,12.0,2018-06-02
147,1841,6/2/18,NYC,NYC,3.0,Orlando City SC,0.0,"22,103",Yankee Stadium,73%,1527897600.0,25.0,2018-06-02
148,1842,6/2/18,Dallas,FC Dallas,2.0,Los Angles,1.0,"14,022",Toyota Stadium,68%,1527897600.0,24.0,2018-06-02
149,1843,6/2/18,Chicago,Chicago Fire,2.0,San Jose Earthquakes,1.0,"14,138",Toyota Stadium,71%,1527897600.0,24.0,2018-06-02
150,1844,6/2/18,Salt Lake,Real Salt Lake,2.0,Seattle Sounders FC,0.0,"18,556",Rio Tinto Stadium,92%,1527897600.0,20.0,2018-06-02
151,1845,6/3/18,Kansas City,Sporting Kansas City,4.0,Minnesota United,1.0,"20,422",Children's Mercy Park,111%,1527984000.0,7.0,2018-06-03
152,1846,6/8/18,Philadelphia,Philadelphia Union,0.0,Toronto FC,2.0,"16,493",Subaru Park,89%,1528416000.0,23.0,2018-06-08
153,1847,6/9/18,NYC,NYC,1.0,Atlanta United,1.0,"25,628",Yankee Stadium,85%,1528502400.0,25.0,2018-06-09
154,1848,6/9/18,Columbus,Columbus Crew SC,1.0,New York Red Bull,1.0,"11,246",Mapfre Stadium,56%,1528502400.0,14.0,2018-06-09
155,1849,6/9/18,Vancouver,Vancuver Whitecaps,5.0,Orlando City SC,2.0,"22,120",BC Place,100%,1528502400.0,4.0,2018-06-09
156,1850,6/9/18,Dallas,FC Dallas,2.0,Montreal Impact,0.0,"13,506",Toyota Stadium,66%,1528502400.0,24.0,2018-06-09
157,1851,6/9/18,Chicago,Chicago Fire,1.0,New England Revolution,1.0,"14,415",Toyota Stadium,72%,1528502400.0,24.0,2018-06-09
158,1852,6/9/18,Houston,Houston Dynamo,2.0,Colorado Rapids,0.0,"16,058",BBVA Stadium,73%,1528502400.0,3.0,2018-06-09
159,1853,6/9/18,Seattle,Seattle Sounders FC,2.0,"Washington, D.C.",1.0,"39,465",CenturyLink Field,100%,1528502400.0,6.0,2018-06-09
160,1854,6/9/18,Los Angeles,LA Galaxy,3.0,Real Salt Lake,0.0,"25,462",Dignity Health Sports Park,94%,1528502400.0,9.0,2018-06-09
161,1855,6/9/18,Portland,Portland Timbers,0.0,Sporting Kansas City,0.0,"21,144",Providence Park,100%,1528502400.0,18.0,2018-06-09
162,1856,6/9/18,San Jose,San Jose Earthquakes,3.0,Los Angles,4.0,"17,650",Earthquakes Stadium,98%,1528502400.0,10.0,2018-06-09
163,1857,6/13/18,Montreal,Montreal Impact,3.0,Orlando City SC,0.0,"15,621",Saputo Stadium,75%,1528848000.0,21.0,2018-06-13
164,1858,6/13/18,Columbus,Columbus Crew SC,0.0,Atlanta United,2.0,"10,132",Mapfre Stadium,51%,1528848000.0,14.0,2018-06-13
165,1859,6/13/18,Toronto,Toronto FC,4.0,"Washington, D.C.",4.0,"23,011",BMO Field,77%,1528848000.0,5.0,2018-06-13
166,1860,6/13/18,New Jersey,New York Red Bull,2.0,Seattle Sounders FC,1.0,"15,553",Red Bull Arena,62%,1528848000.0,19.0,2018-06-13
167,1861,6/13/18,Colorado,Colorado Rapids,2.0,Chicago Fire,2.0,"16,068",Dick's Sporting Goods Park,89%,1528848000.0,8.0,2018-06-13
168,1862,6/13/18,San Jose,San Jose Earthquakes,2.0,New England Revolution,2.0,"16,234",Earthquakes Stadium,90%,1528848000.0,10.0,2018-06-13
169,1863,6/23/18,Philadelphia,Philadelphia Union,4.0,Vancuver Whitecaps,0.0,"15,250",Subaru Park,82%,1529712000.0,23.0,2018-06-23
170,1864,6/23/18,New Jersey,New York Red Bull,3.0,FC Dallas,0.0,"20,827",Red Bull Arena,83%,1529712000.0,19.0,2018-06-23
171,1865,6/23/18,Orlando,Orlando City SC,0.0,Montreal Impact,2.0,"23,498",Exploria Stadium,92%,1529712000.0,11.0,2018-06-23
172,1866,6/23/18,Kansas City,Sporting Kansas City,3.0,Houston Dynamo,2.0,"20,081",Children's Mercy Park,109%,1529712000.0,7.0,2018-06-23
173,1867,6/23/18,Colorado,Colorado Rapids,3.0,Minnesota United,2.0,"13,664",Dick's Sporting Goods Park,76%,1529712000.0,8.0,2018-06-23
174,1868,6/23/18,Salt Lake,Real Salt Lake,1.0,San Jose Earthquakes,1.0,"18,472",Rio Tinto Stadium,91%,1529712000.0,20.0,2018-06-23
175,1869,6/23/18,Seattle,Seattle Sounders FC,1.0,Chicago Fire,1.0,"39,513",CenturyLink Field,100%,1529712000.0,6.0,2018-06-23
176,1870,6/23/18,Los Angles,Los Angles,2.0,Columbus Crew SC,0.0,"22,000",Banc of California Stadium,100%,1529712000.0,2.0,2018-06-23
177,1871,6/24/18,Atlanta,Atlanta United,1.0,Portland Timbers,1.0,"45,116",Bobby Dodd Stadium,82%,1529798400.0,27.0,2018-06-24
178,1872,6/24/18,NYC,NYC,2.0,Toronto FC,1.0,"23,930",Yankee Stadium,79%,1529798400.0,25.0,2018-06-24
179,1873,6/29/18,Minnesota,Minnesota United,0.0,FC Dallas,1.0,"22,345",TCF Bank Stadium,102%,1530230400.0,48.0,2018-06-29
180,1874,6/30/18,Seattle,Seattle Sounders FC,2.0,Portland Timbers,3.0,"47,521",CenturyLink Field,121%,1530316800.0,6.0,2018-06-30
181,1875,6/30/18,Atlanta,Atlanta United,4.0,Orlando City SC,0.0,"71,932",Bobby Dodd Stadium,131%,1530316800.0,27.0,2018-06-30
182,1876,6/30/18,Montreal,Montreal Impact,2.0,Sporting Kansas City,0.0,"16,142",Saputo Stadium,78%,1530316800.0,21.0,2018-06-30
183,1877,6/30/18,Columbus,Columbus Crew SC,2.0,Real Salt Lake,1.0,"16,680",Mapfre Stadium,84%,1530316800.0,14.0,2018-06-30
184,1878,6/30/18,New England,New England Revolution,3.0,"Washington, D.C.",2.0,"19,371",Gillette Stadium,97%,1530316800.0,12.0,2018-06-30
185,1879,6/30/18,Chicago,Chicago Fire,3.0,NYC,2.0,"15,204",Toyota Stadium,76%,1530316800.0,24.0,2018-06-30
186,1880,6/30/18,Los Angles,Los Angles,4.0,Philadelphia Union,1.0,"22,000",Banc of California Stadium,100%,1530316800.0,2.0,2018-06-30
187,1881,6/30/18,San Jose,San Jose Earthquakes,3.0,LA Galaxy,3.0,"50,743",Earthquakes Stadium,282%,1530316800.0,10.0,2018-06-30
188,1882,7/1/18,Toronto,Toronto FC,0.0,New York Red Bull,1.0,"26,363",BMO Field,88%,1530403200.0,5.0,2018-07-01
189,1883,7/1/18,Vancouver,Vancuver Whitecaps,0.0,Colorado Rapids,1.0,"21,038",BC Place,95%,1530403200.0,4.0,2018-07-01
190,1884,7/3/18,Houston,Houston Dynamo,2.0,Los Angles,2.0,"16,037",BBVA Stadium,73%,1530576000.0,3.0,2018-07-03
191,1885,7/4/18,Minnesota,Minnesota United,4.0,Toronto FC,3.0,"20,559",TCF Bank Stadium,94%,1530662400.0,48.0,2018-07-04
192,1886,7/4/18,Dallas,FC Dallas,3.0,Atlanta United,2.0,"17,298",Toyota Stadium,84%,1530662400.0,24.0,2018-07-04
193,1887,7/4/18,Colorado,Colorado Rapids,1.0,Seattle Sounders FC,2.0,"16,374",Dick's Sporting Goods Park,91%,1530662400.0,8.0,2018-07-04
194,1888,7/4/18,Salt Lake,Real Salt Lake,4.0,Sporting Kansas City,2.0,"19,206",Rio Tinto Stadium,95%,1530662400.0,20.0,2018-07-04
195,1889,7/4/18,Los Angeles,LA Galaxy,2.0,"Washington, D.C.",2.0,"25,462",Dignity Health Sports Park,94%,1530662400.0,9.0,2018-07-04
196,1890,7/7/18,Philadelphia,Philadelphia Union,0.0,Atlanta United,2.0,"17,025",Subaru Park,92%,1530921600.0,23.0,2018-07-07
197,1891,7/7/18,Montreal,Montreal Impact,2.0,Colorado Rapids,1.0,"16,030",Saputo Stadium,77%,1530921600.0,21.0,2018-07-07
198,1892,7/7/18,New England,New England Revolution,0.0,Seattle Sounders FC,0.0,"16,484",Gillette Stadium,82%,1530921600.0,12.0,2018-07-07
199,1893,7/7/18,Kansas City,Sporting Kansas City,2.0,Toronto FC,2.0,"21,064",Children's Mercy Park,114%,1530921600.0,7.0,2018-07-07
200,1894,7/7/18,Houston,Houston Dynamo,3.0,Minnesota United,0.0,"13,947",BBVA Stadium,63%,1530921600.0,3.0,2018-07-07
201,1895,7/7/18,Salt Lake,Real Salt Lake,2.0,FC Dallas,0.0,"17,319",Rio Tinto Stadium,86%,1530921600.0,20.0,2018-07-07
202,1896,7/7/18,Vancouver,Vancuver Whitecaps,3.0,Chicago Fire,2.0,"22,120",BC Place,100%,1530921600.0,4.0,2018-07-07
203,1897,7/7/18,Los Angeles,LA Galaxy,4.0,Columbus Crew SC,0.0,"21,211",Dignity Health Sports Park,79%,1530921600.0,9.0,2018-07-07
204,1898,7/7/18,Los Angles,Los Angles,4.0,Orlando City SC,1.0,"22,000",Banc of California Stadium,100%,1530921600.0,2.0,2018-07-07
205,1899,7/7/18,Portland,Portland Timbers,2.0,San Jose Earthquakes,1.0,"21,144",Providence Park,100%,1530921600.0,18.0,2018-07-07
206,1900,7/8/18,NYC,NYC,1.0,New York Red Bull,0.0,"30,027",Yankee Stadium,99%,1531008000.0,25.0,2018-07-08
207,1901,7/11/18,NYC,NYC,3.0,Montreal Impact,0.0,"18,706",Yankee Stadium,62%,1531267200.0,25.0,2018-07-11
208,1902,7/11/18,Chicago,Chicago Fire,3.0,Philadelphia Union,4.0,"12,008",Toyota Stadium,60%,1531267200.0,24.0,2018-07-11
209,1903,7/14/18,New Jersey,New York Red Bull,3.0,Sporting Kansas City,2.0,"16,793",Red Bull Arena,67%,1531526400.0,19.0,2018-07-14
210,1904,7/14/18,NYC,NYC,2.0,Columbus Crew SC,0.0,"21,085",Yankee Stadium,70%,1531526400.0,25.0,2018-07-14
211,1905,7/14/18,Montreal,Montreal Impact,2.0,San Jose Earthquakes,0.0,"15,485",Saputo Stadium,74%,1531526400.0,21.0,2018-07-14
212,1906,7/14/18,New England,New England Revolution,2.0,LA Galaxy,3.0,"36,573",Gillette Stadium,183%,1531526400.0,12.0,2018-07-14
213,1907,7/14/18,Dallas,FC Dallas,3.0,Chicago Fire,1.0,"16,000",Toyota Stadium,78%,1531526400.0,24.0,2018-07-14
214,1908,7/14/18,"Washington, D.C.","Washington, D.C.",3.0,Vancuver Whitecaps,1.0,"20,504",Audi Field,103%,1531526400.0,1.0,2018-07-14
215,1909,7/14/18,Minnesota,Minnesota United,3.0,Real Salt Lake,2.0,"23,667",TCF Bank Stadium,108%,1531526400.0,48.0,2018-07-14
216,1910,7/14/18,Orlando,Orlando City SC,2.0,Toronto FC,1.0,"23,420",Exploria Stadium,92%,1531526400.0,11.0,2018-07-14
217,1911,7/14/18,Colorado,Colorado Rapids,0.0,Houston Dynamo,0.0,"14,327",Dick's Sporting Goods Park,79%,1531526400.0,8.0,2018-07-14
218,1912,7/15/18,Atlanta,Atlanta United,1.0,Seattle Sounders FC,1.0,"72,243",Bobby Dodd Stadium,131%,1531612800.0,27.0,2018-07-15
219,1913,7/15/18,Los Angles,Los Angles,0.0,Portland Timbers,0.0,"22,000",Banc of California Stadium,100%,1531612800.0,2.0,2018-07-15
220,1914,7/18/18,Minnesota,Minnesota United,2.0,New England Revolution,1.0,"27,544",TCF Bank Stadium,126%,1531872000.0,48.0,2018-07-18
221,1915,7/21/18,Atlanta,Atlanta United,3.0,"Washington, D.C.",1.0,"45,087",Bobby Dodd Stadium,82%,1532131200.0,27.0,2018-07-21
222,1916,7/21/18,Seattle,Seattle Sounders FC,2.0,Vancuver Whitecaps,0.0,"41,849",CenturyLink Field,106%,1532131200.0,6.0,2018-07-21
223,1917,7/21/18,Chicago,Chicago Fire,1.0,Toronto FC,2.0,"15,177",Toyota Stadium,76%,1532131200.0,24.0,2018-07-21
224,1918,7/21/18,Philadelphia,Philadelphia Union,1.0,LA Galaxy,3.0,"19,013",Subaru Park,103%,1532131200.0,23.0,2018-07-21
225,1919,7/21/18,New Jersey,New York Red Bull,2.0,New England Revolution,0.0,"16,027",Red Bull Arena,64%,1532131200.0,19.0,2018-07-21
226,1920,7/21/18,Columbus,Columbus Crew SC,3.0,Orlando City SC,2.0,"14,052",Mapfre Stadium,70%,1532131200.0,14.0,2018-07-21
227,1921,7/21/18,Houston,Houston Dynamo,1.0,FC Dallas,1.0,"19,295",BBVA Stadium,88%,1532131200.0,3.0,2018-07-21
228,1922,7/21/18,Salt Lake,Real Salt Lake,2.0,Colorado Rapids,2.0,"19,207",Rio Tinto Stadium,95%,1532131200.0,20.0,2018-07-21
229,1923,7/21/18,Portland,Portland Timbers,2.0,Montreal Impact,2.0,"21,144",Providence Park,100%,1532131200.0,18.0,2018-07-21
230,1924,7/22/18,Minnesota,Minnesota United,5.0,Los Angles,1.0,"22,739",TCF Bank Stadium,104%,1532217600.0,48.0,2018-07-22
231,1925,7/25/18,Houston,Houston Dynamo,1.0,Philadelphia Union,3.0,"13,094",BBVA Stadium,59%,1532476800.0,3.0,2018-07-25
232,1926,7/25/18,"Washington, D.C.","Washington, D.C.",0.0,New York Red Bull,1.0,"15,655",RFK Stadium,78%,1532476800.0,42.0,2018-07-25
233,1927,7/25/18,San Jose,San Jose Earthquakes,0.0,Seattle Sounders FC,1.0,"16,478",Earthquakes Stadium,92%,1532476800.0,10.0,2018-07-25
234,1928,7/26/18,Orlando,Orlando City SC,0.0,NYC,2.0,"23,790",Exploria Stadium,93%,1532563200.0,11.0,2018-07-26
235,1929,7/26/18,Los Angles,Los Angles,2.0,LA Galaxy,2.0,"22,716",Banc of California Stadium,103%,1532563200.0,2.0,2018-07-26
236,1930,7/28/18,Montreal,Montreal Impact,1.0,Atlanta United,2.0,"19,064",Saputo Stadium,92%,1532736000.0,21.0,2018-07-28
237,1931,7/28/18,New Jersey,New York Red Bull,2.0,Columbus Crew SC,3.0,"16,459",Red Bull Arena,66%,1532736000.0,19.0,2018-07-28
238,1932,7/28/18,Toronto,Toronto FC,3.0,Chicago Fire,0.0,"29,190",BMO Field,97%,1532736000.0,5.0,2018-07-28
239,1933,7/28/18,"Washington, D.C.","Washington, D.C.",2.0,Colorado Rapids,1.0,"18,931",RFK Stadium,95%,1532736000.0,42.0,2018-07-28
240,1934,7/28/18,Kansas City,Sporting Kansas City,2.0,FC Dallas,3.0,"20,758",Children's Mercy Park,112%,1532736000.0,7.0,2018-07-28
241,1935,7/28/18,Vancouver,Vancuver Whitecaps,4.0,Minnesota United,2.0,"20,831",BC Place,94%,1532736000.0,4.0,2018-07-28
242,1936,7/28/18,San Jose,San Jose Earthquakes,0.0,Real Salt Lake,0.0,"16,351",Earthquakes Stadium,91%,1532736000.0,10.0,2018-07-28
243,1937,7/28/18,Portland,Portland Timbers,2.0,Houston Dynamo,1.0,"21,144",Providence Park,100%,1532736000.0,18.0,2018-07-28
244,1938,7/29/18,Seattle,Seattle Sounders FC,3.0,NYC,1.0,"39,528",CenturyLink Field,100%,1532822400.0,6.0,2018-07-29
245,1939,7/29/18,Los Angeles,LA Galaxy,4.0,Orlando City SC,3.0,"24,941",Dignity Health Sports Park,92%,1532822400.0,9.0,2018-07-29
246,1940,8/4/18,Atlanta,Atlanta United,2.0,Toronto FC,2.0,"45,191",Bobby Dodd Stadium,82%,1533340800.0,27.0,2018-08-04
247,1941,8/4/18,Montreal,Montreal Impact,1.0,"Washington, D.C.",1.0,"19,152",Saputo Stadium,92%,1533340800.0,21.0,2018-08-04
248,1942,8/4/18,Orlando,Orlando City SC,3.0,New England Revolution,3.0,"23,879",Exploria Stadium,94%,1533340800.0,11.0,2018-08-04
249,1943,8/4/18,Dallas,FC Dallas,1.0,San Jose Earthquakes,3.0,"17,282",Toyota Stadium,84%,1533340800.0,24.0,2018-08-04
250,1944,8/4/18,Minnesota,Minnesota United,1.0,Seattle Sounders FC,2.0,"24,482",TCF Bank Stadium,112%,1533340800.0,48.0,2018-08-04
251,1945,8/4/18,NYC,NYC,2.0,Vancuver Whitecaps,2.0,"20,802",Yankee Stadium,69%,1533340800.0,25.0,2018-08-04
252,1946,8/4/18,Colorado,Colorado Rapids,2.0,LA Galaxy,1.0,"17,837",Dick's Sporting Goods Park,99%,1533340800.0,8.0,2018-08-04
253,1947,8/4/18,Houston,Houston Dynamo,0.0,Sporting Kansas City,1.0,"14,675",BBVA Stadium,67%,1533340800.0,3.0,2018-08-04
254,1948,8/4/18,Salt Lake,Real Salt Lake,2.0,Chicago Fire,1.0,"19,817",Rio Tinto Stadium,98%,1533340800.0,20.0,2018-08-04
255,1949,8/4/18,Portland,Portland Timbers,3.0,Philadelphia Union,0.0,"21,144",Providence Park,100%,1533340800.0,18.0,2018-08-04
256,1950,8/5/18,New Jersey,New York Red Bull,2.0,Los Angles,1.0,"20,402",Red Bull Arena,82%,1533427200.0,19.0,2018-08-05
257,1951,8/11/18,Columbus,Columbus Crew SC,1.0,Houston Dynamo,0.0,"15,891",Mapfre Stadium,80%,1533945600.0,14.0,2018-08-11
258,1952,8/11/18,New England,New England Revolution,2.0,Philadelphia Union,3.0,"19,516",Gillette Stadium,98%,1533945600.0,12.0,2018-08-11
259,1953,8/11/18,Chicago,Chicago Fire,0.0,New York Red Bull,1.0,"18,064",Toyota Stadium,90%,1533945600.0,24.0,2018-08-11
260,1954,8/11/18,Colorado,Colorado Rapids,2.0,San Jose Earthquakes,1.0,"15,383",Dick's Sporting Goods Park,85%,1533945600.0,8.0,2018-08-11
261,1955,8/11/18,Salt Lake,Real Salt Lake,1.0,Montreal Impact,1.0,"18,901",Rio Tinto Stadium,94%,1533945600.0,20.0,2018-08-11
262,1956,8/11/18,Los Angles,Los Angles,0.0,Sporting Kansas City,2.0,"22,000",Banc of California Stadium,100%,1533945600.0,2.0,2018-08-11
263,1957,8/11/18,Los Angeles,LA Galaxy,2.0,Minnesota United,2.0,"24,891",Dignity Health Sports Park,92%,1533945600.0,9.0,2018-08-11
264,1958,8/11/18,Portland,Portland Timbers,1.0,Vancuver Whitecaps,2.0,"21,144",Providence Park,100%,1533945600.0,18.0,2018-08-11
265,1959,8/12/18,Toronto,Toronto FC,2.0,NYC,3.0,"27,935",BMO Field,93%,1534032000.0,5.0,2018-08-12
266,1960,8/12/18,"Washington, D.C.","Washington, D.C.",3.0,Orlando City SC,2.0,"17,020",RFK Stadium,85%,1534032000.0,42.0,2018-08-12
267,1961,8/12/18,Seattle,Seattle Sounders FC,2.0,FC Dallas,1.0,"39,522",CenturyLink Field,100%,1534032000.0,6.0,2018-08-12
268,1962,8/14/18,Los Angeles,LA Galaxy,2.0,Colorado Rapids,2.0,"16,231",Dignity Health Sports Park,60%,1534204800.0,9.0,2018-08-14
269,1963,8/15/18,"Washington, D.C.","Washington, D.C.",4.0,Portland Timbers,1.0,"18,219",RFK Stadium,91%,1534291200.0,42.0,2018-08-15
270,1964,8/15/18,Los Angles,Los Angles,2.0,Real Salt Lake,0.0,"22,000",Banc of California Stadium,100%,1534291200.0,2.0,2018-08-15
271,1965,8/18/18,Seattle,Seattle Sounders FC,5.0,LA Galaxy,0.0,"44,213",CenturyLink Field,112%,1534550400.0,6.0,2018-08-18
272,1966,8/18/18,Philadelphia,Philadelphia Union,2.0,NYC,0.0,"17,594",Subaru Park,95%,1534550400.0,23.0,2018-08-18
273,1967,8/18/18,Vancouver,Vancuver Whitecaps,2.0,New York Red Bull,2.0,"22,120",BC Place,100%,1534550400.0,4.0,2018-08-18
274,1968,8/18/18,Montreal,Montreal Impact,2.0,Chicago Fire,1.0,"18,831",Saputo Stadium,91%,1534550400.0,21.0,2018-08-18
275,1969,8/18/18,Kansas City,Sporting Kansas City,3.0,Portland Timbers,0.0,"19,737",Children's Mercy Park,107%,1534550400.0,7.0,2018-08-18
276,1970,8/18/18,Houston,Houston Dynamo,1.0,Real Salt Lake,2.0,"15,072",BBVA Stadium,68%,1534550400.0,3.0,2018-08-18
277,1971,8/18/18,San Jose,San Jose Earthquakes,1.0,Toronto FC,1.0,"17,456",Earthquakes Stadium,97%,1534550400.0,10.0,2018-08-18
278,1972,8/18/18,Dallas,FC Dallas,2.0,Minnesota United,0.0,"15,107",Toyota Stadium,74%,1534550400.0,24.0,2018-08-18
279,1973,8/19/18,Atlanta,Atlanta United,3.0,Columbus Crew SC,1.0,"45,303",Bobby Dodd Stadium,82%,1534636800.0,27.0,2018-08-19
280,1974,8/19/18,"Washington, D.C.","Washington, D.C.",2.0,New England Revolution,0.0,"20,198",RFK Stadium,101%,1534636800.0,42.0,2018-08-19
281,1975,8/19/18,Los Angles,Los Angles,2.0,Colorado Rapids,0.0,"22,000",Banc of California Stadium,100%,1534636800.0,2.0,2018-08-19
282,1976,8/22/18,NYC,NYC,1.0,New York Red Bull,1.0,"30,139",Yankee Stadium,99%,1534896000.0,25.0,2018-08-22
283,1977,8/23/18,Chicago,Chicago Fire,1.0,Columbus Crew SC,1.0,"8,551",Toyota Stadium,43%,1534982400.0,24.0,2018-08-23
284,1978,8/23/18,Houston,Houston Dynamo,1.0,FC Dallas,1.0,"16,544",BBVA Stadium,75%,1534982400.0,3.0,2018-08-23
285,1979,8/24/18,Orlando,Orlando City SC,1.0,Atlanta United,2.0,"25,058",Exploria Stadium,98%,1535068800.0,11.0,2018-08-24
286,1980,8/24/18,Los Angeles,LA Galaxy,1.0,Los Angles,1.0,"27,068",Dignity Health Sports Park,100%,1535068800.0,9.0,2018-08-24
287,1981,8/25/18,Philadelphia,Philadelphia Union,1.0,New England Revolution,0.0,"18,052",Subaru Park,98%,1535155200.0,23.0,2018-08-25
288,1982,8/25/18,Toronto,Toronto FC,3.0,Montreal Impact,1.0,"27,294",BMO Field,91%,1535155200.0,5.0,2018-08-25
289,1983,8/25/18,Kansas City,Sporting Kansas City,2.0,Minnesota United,0.0,"19,345",Children's Mercy Park,105%,1535155200.0,7.0,2018-08-25
290,1984,8/25/18,Colorado,Colorado Rapids,0.0,Real Salt Lake,6.0,"16,669",Dick's Sporting Goods Park,92%,1535155200.0,8.0,2018-08-25
291,1985,8/25/18,San Jose,San Jose Earthquakes,2.0,Vancuver Whitecaps,3.0,"16,326",Earthquakes Stadium,91%,1535155200.0,10.0,2018-08-25
292,1986,8/26/18,New Jersey,New York Red Bull,1.0,"Washington, D.C.",0.0,"22,324",Red Bull Arena,89%,1535241600.0,19.0,2018-08-26
293,1987,8/26/18,Portland,Portland Timbers,0.0,Seattle Sounders FC,1.0,"21,144",Providence Park,100%,1535241600.0,18.0,2018-08-26
294,1988,8/29/18,New Jersey,New York Red Bull,1.0,Houston Dynamo,0.0,"15,042",Red Bull Arena,60%,1535500800.0,19.0,2018-08-29
295,1989,8/29/18,"Washington, D.C.","Washington, D.C.",0.0,Philadelphia Union,2.0,"17,692",RFK Stadium,88%,1535500800.0,42.0,2018-08-29
296,1990,8/29/18,San Jose,San Jose Earthquakes,4.0,FC Dallas,3.0,"15,648",Earthquakes Stadium,87%,1535500800.0,10.0,2018-08-29
297,1991,8/29/18,Portland,Portland Timbers,2.0,Toronto FC,0.0,"21,144",Providence Park,100%,1535500800.0,18.0,2018-08-29
298,1992,9/1/18,Seattle,Seattle Sounders FC,3.0,Sporting Kansas City,1.0,"39,530",CenturyLink Field,100%,1535760000.0,6.0,2018-09-01
299,1993,9/1/18,Montreal,Montreal Impact,3.0,New York Red Bull,0.0,"18,458",Saputo Stadium,89%,1535760000.0,21.0,2018-09-01
300,1994,9/1/18,New England,New England Revolution,1.0,Portland Timbers,1.0,"16,040",Gillette Stadium,80%,1535760000.0,12.0,2018-09-01
301,1995,9/1/18,Orlando,Orlando City SC,2.0,Philadelphia Union,2.0,"22,912",Exploria Stadium,90%,1535760000.0,11.0,2018-09-01
302,1996,9/1/18,Columbus,Columbus Crew SC,2.0,NYC,1.0,"11,991",Mapfre Stadium,60%,1535760000.0,14.0,2018-09-01
303,1997,9/1/18,Dallas,FC Dallas,4.0,Houston Dynamo,2.0,"16,835",Toyota Stadium,82%,1535760000.0,24.0,2018-09-01
304,1998,9/1/18,Toronto,Toronto FC,2.0,Los Angles,4.0,"28,247",BMO Field,94%,1535760000.0,5.0,2018-09-01
305,1999,9/1/18,Salt Lake,Real Salt Lake,6.0,LA Galaxy,2.0,"21,363",Rio Tinto Stadium,106%,1535760000.0,20.0,2018-09-01
306,2000,9/1/18,Vancouver,Vancuver Whitecaps,2.0,San Jose Earthquakes,1.0,"22,120",BC Place,100%,1535760000.0,4.0,2018-09-01
307,2001,9/2/18,"Washington, D.C.","Washington, D.C.",3.0,Atlanta United,1.0,"20,557",RFK Stadium,103%,1535846400.0,42.0,2018-09-02
308,2002,9/5/18,NYC,NYC,0.0,New England Revolution,1.0,"18,884",Yankee Stadium,62%,1536105600.0,25.0,2018-09-05
309,2003,9/8/18,NYC,NYC,1.0,"Washington, D.C.",1.0,"28,239",Yankee Stadium,93%,1536364800.0,25.0,2018-09-08
310,2004,9/8/18,Kansas City,Sporting Kansas City,1.0,Orlando City SC,0.0,"19,332",Children's Mercy Park,105%,1536364800.0,7.0,2018-09-08
311,2005,9/8/18,Portland,Portland Timbers,2.0,Colorado Rapids,0.0,"21,144",Providence Park,100%,1536364800.0,18.0,2018-09-08
312,2006,9/12/18,"Washington, D.C.","Washington, D.C.",2.0,Minnesota United,1.0,"16,114",RFK Stadium,81%,1536710400.0,42.0,2018-09-12
313,2007,9/15/18,Colorado,Colorado Rapids,0.0,Atlanta United,3.0,"14,788",Dick's Sporting Goods Park,82%,1536969600.0,8.0,2018-09-15
314,2008,9/15/18,Philadelphia,Philadelphia Union,1.0,Montreal Impact,4.0,"18,024",Subaru Park,97%,1536969600.0,23.0,2018-09-15
315,2009,9/15/18,Toronto,Toronto FC,5.0,LA Galaxy,3.0,"30,799",BMO Field,103%,1536969600.0,5.0,2018-09-15
316,2010,9/15/18,Dallas,FC Dallas,0.0,Columbus Crew SC,0.0,"16,030",Toyota Stadium,78%,1536969600.0,24.0,2018-09-15
317,2011,9/15/18,Houston,Houston Dynamo,4.0,Portland Timbers,1.0,"15,256",BBVA Stadium,69%,1536969600.0,3.0,2018-09-15
318,2012,9/15/18,Salt Lake,Real Salt Lake,1.0,Minnesota United,1.0,"19,785",Rio Tinto Stadium,98%,1536969600.0,20.0,2018-09-15
319,2013,9/15/18,Vancouver,Vancuver Whitecaps,1.0,Seattle Sounders FC,2.0,"27,863",BC Place,126%,1536969600.0,4.0,2018-09-15
320,2014,9/15/18,Los Angles,Los Angles,1.0,New England Revolution,1.0,"22,000",Banc of California Stadium,100%,1536969600.0,2.0,2018-09-15
321,2015,9/15/18,San Jose,San Jose Earthquakes,1.0,Sporting Kansas City,5.0,"16,682",Earthquakes Stadium,93%,1536969600.0,10.0,2018-09-15
322,2016,9/16/18,"Washington, D.C.","Washington, D.C.",3.0,New York Red Bull,3.0,"18,331",RFK Stadium,92%,1537056000.0,42.0,2018-09-16
323,2017,9/16/18,Chicago,Chicago Fire,4.0,Orlando City SC,0.0,"16,287",Toyota Stadium,81%,1537056000.0,24.0,2018-09-16
324,2018,9/19/18,Portland,Portland Timbers,3.0,Columbus Crew SC,2.0,"21,144",Providence Park,100%,1537315200.0,18.0,2018-09-19
325,2019,9/19/18,Seattle,Seattle Sounders FC,0.0,Philadelphia Union,1.0,"39,536",CenturyLink Field,100%,1537315200.0,6.0,2018-09-19
326,2020,9/19/18,San Jose,San Jose Earthquakes,3.0,Atlanta United,4.0,"15,948",Earthquakes Stadium,89%,1537315200.0,10.0,2018-09-19
327,2021,9/22/18,Los Angles,Los Angles,2.0,San Jose Earthquakes,0.0,"22,000",Banc of California Stadium,100%,1537574400.0,2.0,2018-09-22
328,2022,9/22/18,New Jersey,New York Red Bull,2.0,Toronto FC,0.0,"20,731",Red Bull Arena,83%,1537574400.0,19.0,2018-09-22
329,2023,9/22/18,Atlanta,Atlanta United,2.0,Real Salt Lake,0.0,"72,017",Bobby Dodd Stadium,131%,1537574400.0,27.0,2018-09-22
330,2024,9/22/18,Columbus,Columbus Crew SC,2.0,Colorado Rapids,1.0,"19,121",Mapfre Stadium,96%,1537574400.0,14.0,2018-09-22
331,2025,9/22/18,Montreal,Montreal Impact,1.0,NYC,1.0,"20,801",Saputo Stadium,100%,1537574400.0,21.0,2018-09-22
332,2026,9/22/18,New England,New England Revolution,2.0,Chicago Fire,2.0,"24,388",Gillette Stadium,122%,1537574400.0,12.0,2018-09-22
333,2027,9/22/18,Orlando,Orlando City SC,0.0,Houston Dynamo,0.0,"23,723",Exploria Stadium,93%,1537574400.0,11.0,2018-09-22
334,2028,9/22/18,Minnesota,Minnesota United,3.0,Portland Timbers,2.0,"24,525",TCF Bank Stadium,112%,1537574400.0,48.0,2018-09-22
335,2029,9/23/18,Philadelphia,Philadelphia Union,2.0,Sporting Kansas City,0.0,"15,080",Subaru Park,82%,1537660800.0,23.0,2018-09-23
336,2030,9/23/18,Los Angeles,LA Galaxy,3.0,Seattle Sounders FC,0.0,"25,503",Dignity Health Sports Park,94%,1537660800.0,9.0,2018-09-23
337,2031,9/23/18,Vancouver,Vancuver Whitecaps,1.0,FC Dallas,2.0,"21,190",BC Place,96%,1537660800.0,4.0,2018-09-23
338,2032,9/26/18,NYC,NYC,2.0,Chicago Fire,0.0,"21,582",Yankee Stadium,71%,1537920000.0,25.0,2018-09-26
339,2033,9/29/18,Chicago,Chicago Fire,3.0,Los Angles,1.0,"18,471",Toyota Stadium,92%,1538179200.0,24.0,2018-09-29
340,2034,9/29/18,Seattle,Seattle Sounders FC,4.0,Colorado Rapids,0.0,"40,042",CenturyLink Field,102%,1538179200.0,6.0,2018-09-29
341,2035,9/29/18,"Washington, D.C.","Washington, D.C.",5.0,Montreal Impact,0.0,"20,573",RFK Stadium,103%,1538179200.0,42.0,2018-09-29
342,2036,9/29/18,Columbus,Columbus Crew SC,0.0,Philadelphia Union,0.0,"12,441",Mapfre Stadium,62%,1538179200.0,14.0,2018-09-29
343,2037,9/29/18,Toronto,Toronto FC,4.0,New England Revolution,1.0,"24,710",BMO Field,82%,1538179200.0,5.0,2018-09-29
344,2038,9/29/18,Minnesota,Minnesota United,2.0,NYC,1.0,"21,926",TCF Bank Stadium,100%,1538179200.0,48.0,2018-09-29
345,2039,9/29/18,Houston,Houston Dynamo,3.0,San Jose Earthquakes,2.0,"17,136",BBVA Stadium,78%,1538179200.0,3.0,2018-09-29
346,2040,9/29/18,Los Angeles,LA Galaxy,3.0,Vancuver Whitecaps,0.0,"25,659",Dignity Health Sports Park,95%,1538179200.0,9.0,2018-09-29
347,2041,9/29/18,Portland,Portland Timbers,0.0,FC Dallas,0.0,"21,144",Providence Park,100%,1538179200.0,18.0,2018-09-29
348,2042,9/30/18,New Jersey,New York Red Bull,2.0,Atlanta United,0.0,"22,057",Red Bull Arena,88%,1538265600.0,19.0,2018-09-30
349,2043,9/30/18,Kansas City,Sporting Kansas City,1.0,Real Salt Lake,1.0,"19,844",Children's Mercy Park,107%,1538265600.0,7.0,2018-09-30
350,2044,10/6/18,Montreal,Montreal Impact,3.0,Columbus Crew SC,0.0,"19,015",Saputo Stadium,91%,1538784000.0,21.0,2018-10-06
351,2045,10/6/18,Atlanta,Atlanta United,2.0,New England Revolution,1.0,"45,122",Bobby Dodd Stadium,82%,1538784000.0,27.0,2018-10-06
352,2046,10/6/18,Toronto,Toronto FC,1.0,Vancuver Whitecaps,2.0,"23,886",BMO Field,80%,1538784000.0,5.0,2018-10-06
353,2047,10/6/18,Philadelphia,Philadelphia Union,5.0,Minnesota United,1.0,"16,334",Subaru Park,88%,1538784000.0,23.0,2018-10-06
354,2048,10/6/18,Dallas,FC Dallas,2.0,Orlando City SC,0.0,"16,519",Toyota Stadium,81%,1538784000.0,24.0,2018-10-06
355,2049,10/6/18,Kansas City,Sporting Kansas City,1.0,LA Galaxy,1.0,"20,092",Children's Mercy Park,109%,1538784000.0,7.0,2018-10-06
356,2050,10/6/18,Colorado,Colorado Rapids,0.0,Los Angles,3.0,"15,369",Dick's Sporting Goods Park,85%,1538784000.0,8.0,2018-10-06
357,2051,10/6/18,Salt Lake,Real Salt Lake,1.0,Portland Timbers,4.0,"20,034",Rio Tinto Stadium,99%,1538784000.0,20.0,2018-10-06
358,2052,10/6/18,San Jose,San Jose Earthquakes,1.0,New York Red Bull,3.0,"17,241",Earthquakes Stadium,96%,1538784000.0,10.0,2018-10-06
359,2053,10/7/18,"Washington, D.C.","Washington, D.C.",2.0,Chicago Fire,1.0,"20,064",RFK Stadium,100%,1538870400.0,42.0,2018-10-07
360,2054,10/8/18,Seattle,Seattle Sounders FC,4.0,Houston Dynamo,1.0,"39,518",CenturyLink Field,100%,1538956800.0,6.0,2018-10-08
361,2055,10/12/18,Los Angles,Los Angles,4.0,Houston Dynamo,2.0,"22,000",Banc of California Stadium,100%,1539302400.0,2.0,2018-10-12
362,2056,10/13/18,Minnesota,Minnesota United,0.0,Colorado Rapids,2.0,"19,733",TCF Bank Stadium,90%,1539388800.0,48.0,2018-10-13
363,2057,10/13/18,"Washington, D.C.","Washington, D.C.",1.0,FC Dallas,0.0,"19,610",RFK Stadium,98%,1539388800.0,42.0,2018-10-13
364,2058,10/13/18,New England,New England Revolution,2.0,Orlando City SC,0.0,"19,775",Gillette Stadium,99%,1539388800.0,12.0,2018-10-13
365,2059,10/17/18,Orlando,Orlando City SC,1.0,Seattle Sounders FC,2.0,"22,344",Exploria Stadium,88%,1539734400.0,11.0,2018-10-17
366,2060,10/17/18,"Washington, D.C.","Washington, D.C.",1.0,Toronto FC,0.0,"18,562",RFK Stadium,93%,1539734400.0,42.0,2018-10-17
367,2061,10/17/18,Vancouver,Vancuver Whitecaps,1.0,Sporting Kansas City,4.0,"18,689",BC Place,84%,1539734400.0,4.0,2018-10-17
368,2062,10/18/18,Salt Lake,Real Salt Lake,4.0,New England Revolution,1.0,"19,536",Rio Tinto Stadium,97%,1539820800.0,20.0,2018-10-18
369,2063,10/21/18,Atlanta,Atlanta United,2.0,Chicago Fire,1.0,"71,812",Bobby Dodd Stadium,131%,1540080000.0,27.0,2018-10-21
370,2064,10/21/18,"Washington, D.C.","Washington, D.C.",3.0,NYC,1.0,"20,249",RFK Stadium,101%,1540080000.0,42.0,2018-10-21
371,2065,10/21/18,Montreal,Montreal Impact,2.0,Toronto FC,0.0,"19,684",Saputo Stadium,95%,1540080000.0,21.0,2018-10-21
372,2066,10/21/18,Orlando,Orlando City SC,2.0,Columbus Crew SC,1.0,"23,642",Exploria Stadium,93%,1540080000.0,11.0,2018-10-21
373,2067,10/21/18,Philadelphia,Philadelphia Union,0.0,New York Red Bull,1.0,"18,021",Subaru Park,97%,1540080000.0,23.0,2018-10-21
374,2068,10/21/18,Dallas,FC Dallas,0.0,Sporting Kansas City,3.0,"19,096",Toyota Stadium,93%,1540080000.0,24.0,2018-10-21
375,2069,10/21/18,Houston,Houston Dynamo,2.0,Seattle Sounders FC,3.0,"19,127",BBVA Stadium,87%,1540080000.0,3.0,2018-10-21
376,2070,10/21/18,Los Angles,Los Angles,2.0,Vancuver Whitecaps,2.0,"22,000",Banc of California Stadium,100%,1540080000.0,2.0,2018-10-21
377,2071,10/21/18,Minnesota,Minnesota United,1.0,LA Galaxy,3.0,"52,242",TCF Bank Stadium,239%,1540080000.0,48.0,2018-10-21
378,2072,10/21/18,Portland,Portland Timbers,3.0,Real Salt Lake,0.0,"21,144",Providence Park,100%,1540080000.0,18.0,2018-10-21
379,2073,10/21/18,San Jose,San Jose Earthquakes,0.0,Colorado Rapids,0.0,"17,474",Earthquakes Stadium,97%,1540080000.0,10.0,2018-10-21
380,2074,10/28/18,Chicago,Chicago Fire,0.0,"Washington, D.C.",0.0,"19,459",Toyota Stadium,97%,1540684800.0,24.0,2018-10-28
381,2075,10/28/18,Colorado,Colorado Rapids,2.0,FC Dallas,1.0,"15,172",Dick's Sporting Goods Park,84%,1540684800.0,8.0,2018-10-28
382,2076,10/28/18,Kansas City,Sporting Kansas City,2.0,Los Angles,1.0,"20,702",Children's Mercy Park,112%,1540684800.0,7.0,2018-10-28
383,2077,10/28/18,Los Angeles,LA Galaxy,2.0,Houston Dynamo,3.0,"27,068",Dignity Health Sports Park,100%,1540684800.0,9.0,2018-10-28
384,2078,10/28/18,New England,New England Revolution,1.0,Montreal Impact,0.0,"28,832",Gillette Stadium,144%,1540684800.0,12.0,2018-10-28
385,2079,10/28/18,NYC,NYC,3.0,Philadelphia Union,1.0,"26,441",Yankee Stadium,87%,1540684800.0,25.0,2018-10-28
386,2080,10/28/18,New Jersey,New York Red Bull,1.0,Orlando City SC,0.0,"20,023",Red Bull Arena,80%,1540684800.0,19.0,2018-10-28
387,2081,10/28/18,Seattle,Seattle Sounders FC,2.0,San Jose Earthquakes,1.0,"42,617",CenturyLink Field,108%,1540684800.0,6.0,2018-10-28
388,2082,10/28/18,Toronto,Toronto FC,4.0,Atlanta United,1.0,"23,895",BMO Field,80%,1540684800.0,5.0,2018-10-28
389,2083,10/28/18,Vancouver,Vancuver Whitecaps,2.0,Portland Timbers,1.0,"25,348",BC Place,115%,1540684800.0,4.0,2018-10-28
390,2084,10/28/18,Columbus,Columbus Crew SC,3.0,Minnesota United,2.0,"17,677",Mapfre Stadium,89%,1540684800.0,14.0,2018-10-28
